naruto-uzumaki-academy-student.jpg	https://files.catbox.moe/cr7b8d.jpeg	Naruto Uzumaki (Academy Student)
naruto-uzumaki-genin.jpg	https://files.catbox.moe/ghig55.jpeg	Naruto Uzumaki (Genin)
naruto-uzumaki-one-tail-cloak.jpg	https://files.catbox.moe/xj5mpb.jpeg	Naruto Uzumaki (One-Tail Cloak)
naruto-uzumaki-shippuden.jpg	https://files.catbox.moe/yxqwmu.jpeg	Naruto Uzumaki (Shippuden)
naruto-uzumaki-sage-mode.png	https://files.catbox.moe/3flfsg.png	Naruto Uzumaki (Sage Mode)
naruto-uzumaki-four-tails-form.jpg	https://files.catbox.moe/y86ed0.jpeg	Naruto Uzumaki (Four-Tails Form)
naruto-uzumaki-six-tails-form.jpg	https://files.catbox.moe/qwhcqm.jpeg	Naruto Uzumaki (Six-Tails Form)
naruto-uzumaki-eight-tails-form.jpg	https://files.catbox.moe/iz59og.jpeg	Naruto Uzumaki (Eight-Tails Form)
naruto-uzumaki-kcm-kurama-chakra-mode.jpg	https://files.catbox.moe/p8s3cg.jpeg	Naruto Uzumaki (KCM — Kurama Chakra Mode)
naruto-uzumaki-kcm2-full-kurama.jpg	https://files.catbox.moe/jn0v04.jpeg	Naruto Uzumaki (KCM2 — Full Kurama)
naruto-uzumaki-six-paths-sage-mode.jpg	https://files.catbox.moe/01asxs.jpeg	Naruto Uzumaki (Six Paths Sage Mode)
naruto-uzumaki-the-last.jpg	https://files.catbox.moe/17py3g.jpeg	Naruto Uzumaki (The Last)
naruto-uzumaki-the-last-kcm.jpg	https://files.catbox.moe/jl5f67.jpeg	Naruto Uzumaki (The Last — KCM)
naruto-uzumaki-seventh-hokage.jpg	https://files.catbox.moe/y83ajm.jpeg	Naruto Uzumaki (Seventh Hokage)
naruto-uzumaki-seventh-hokage-sage-mode.jpg	https://files.catbox.moe/5gll22.jpeg	Naruto Uzumaki (Seventh Hokage — Sage Mode)
naruto-uzumaki-seventh-hokage-kcm-mode.jpg	https://files.catbox.moe/fwpwzw.jpeg	Naruto Uzumaki (Seventh Hokage — KCM Mode)
naruto-uzumaki-baryon-mode.jpg	https://files.catbox.moe/g1lkj6.jpeg	Naruto Uzumaki (Baryon Mode)
sasuke-uchiha-academy-student.jpg	https://files.catbox.moe/1xwlzb.jpeg	Sasuke Uchiha (Academy Student)
sasuke-uchiha-genin.jpg	https://files.catbox.moe/pcx56t.jpeg	Sasuke Uchiha (Genin)
sasuke-uchiha-curse-mark-stage-1.jpg	https://files.catbox.moe/sdat8v.jpeg	Sasuke Uchiha (Curse Mark Stage 1)
sasuke-uchiha-curse-mark-stage-2.jpg	https://files.catbox.moe/6cdfkn.jpeg	Sasuke Uchiha (Curse Mark Stage 2)
sasuke-uchiha-hebi-snake.jpg	https://files.catbox.moe/h43j6k.jpeg	Sasuke Uchiha (Hebi — Snake)
sasuke-uchiha-hebi-curse-mark-form.jpg	https://files.catbox.moe/nm1qdr.jpeg	Sasuke Uchiha (Hebi — Curse Mark Form)
sasuke-uchiha-taka.jpg	https://files.catbox.moe/k62r2v.jpeg	Sasuke Uchiha (Taka)
sasuke-uchiha-taka-3-tomoe-sharingan.jpg	https://files.catbox.moe/6zzcnc.jpeg	Sasuke Uchiha (Taka — 3 Tomoe Sharingan)
sasuke-uchiha-mangekyo-sharingan.jpg	https://files.catbox.moe/qrcjsl.jpeg	Sasuke Uchiha (Mangekyō Sharingan)
sasuke-uchiha-eternal-mangekyo-sharingan.jpg	https://files.catbox.moe/mugrzk.jpeg	Sasuke Uchiha (Eternal Mangekyō Sharingan)
sasuke-uchiha-rinnegan.jpg	https://files.catbox.moe/cyhzu7.jpeg	Sasuke Uchiha (Rinnegan)
sasuke-uchiha-the-last.jpg	https://files.catbox.moe/pmid66.jpeg	Sasuke Uchiha (The Last)
sasuke-uchiha-adult-supporting-kage.jpg	https://files.catbox.moe/oqsfs7.jpeg	Sasuke Uchiha (Adult — Supporting Kage)
sakura-haruno-genin.jpg	https://files.catbox.moe/6r3gno.jpeg	Sakura Haruno (Genin)
sakura-haruno-shippuden.jpg	https://files.catbox.moe/e5hl9t.jpeg	Sakura Haruno (Shippuden)
sakura-haruno-byakugo-seal.jpg	https://files.catbox.moe/bucv4z.jpeg	Sakura Haruno (Byakugō Seal)
sakura-haruno-adult.jpg	https://files.catbox.moe/wggqpl.jpeg	Sakura Haruno (Adult)
kakashi-hatake-young-third-war.jpg	https://files.catbox.moe/uh828c.jpeg	Kakashi Hatake (Young — Third War)
kakashi-hatake-anbu.jpg	https://files.catbox.moe/43qxsy.jpeg	Kakashi Hatake (ANBU)
kakashi-hatake-jonin-sensei.jpg	https://files.catbox.moe/sfqd4i.jpeg	Kakashi Hatake (Jōnin Sensei)
kakashi-hatake-shippuden.jpg	https://files.catbox.moe/4xierh.jpeg	Kakashi Hatake (Shippuden)
kakashi-hatake-kamui-user.jpg	https://files.catbox.moe/2ilysx.jpeg	Kakashi Hatake (Kamui User)
kakashi-hatake-double-mangekyo-susanoo.jpg	https://files.catbox.moe/jb0gj7.jpeg	Kakashi Hatake (Double Mangekyō — Susanoo)
kakashi-hatake-sixth-hokage.jpg	https://files.catbox.moe/wjda2x.jpeg	Kakashi Hatake (Sixth Hokage)
sai-root-agent.jpg	https://files.catbox.moe/soh38u.jpeg	Sai (Root Agent)
sai-allied-shinobi.jpg	https://files.catbox.moe/ws1ixw.jpeg	Sai (Allied Shinobi)
sai-adult-yamanaka-sai.jpg	https://files.catbox.moe/ixoh7o.jpeg	Sai (Adult — Yamanaka Sai)
yamato-anbu-tenzo.jpg	https://files.catbox.moe/sp3rn9.jpeg	Yamato (ANBU Tenzō)
yamato-adult.jpg	https://files.catbox.moe/zg2yci.jpeg	Yamato (Adult)
hinata-hyuga-genin.jpg	https://files.catbox.moe/jj4trg.jpeg	Hinata Hyūga (Genin)
hinata-hyuga-shippuden.jpg	https://files.catbox.moe/oxh6rn.jpeg	Hinata Hyūga (Shippuden)
hinata-hyuga-the-last.jpg	https://files.catbox.moe/045mqt.jpeg	Hinata Hyūga (The Last)
hinata-hyuga-adult-uzumaki-hinata.jpg	https://files.catbox.moe/h6wkc2.jpeg	Hinata Hyūga (Adult — Uzumaki Hinata)
kiba-inuzuka-genin.jpg	https://files.catbox.moe/srpje4.jpeg	Kiba Inuzuka (Genin)
kiba-inuzuka-shippuden.jpg	https://files.catbox.moe/janhxx.jpeg	Kiba Inuzuka (Shippuden)
kiba-inuzuka-adult.jpg	https://files.catbox.moe/aj4ljr.jpeg	Kiba Inuzuka (Adult)
shino-aburame-genin.jpg	https://files.catbox.moe/gmi277.jpeg	Shino Aburame (Genin)
shino-aburame-shippuden.jpg	https://files.catbox.moe/emt95x.jpeg	Shino Aburame (Shippuden)
shino-aburame-adult-academy-teacher.jpg	https://files.catbox.moe/etsprc.jpeg	Shino Aburame (Adult — Academy Teacher)
kurenai-yuhi-jonin-sensei.jpg	https://files.catbox.moe/es5tgu.jpeg	Kurenai Yūhi (Jōnin Sensei)
akamaru-puppy.jpg	https://files.catbox.moe/gghngj.jpeg	Akamaru (Puppy)
akamaru-adult.jpg	https://files.catbox.moe/nf6aaq.jpeg	Akamaru (Adult)
shikamaru-nara-genin.jpg	https://files.catbox.moe/ni4xvl.jpeg	Shikamaru Nara (Genin)
shikamaru-nara-chunin.jpg	https://files.catbox.moe/g6yu2z.jpeg	Shikamaru Nara (Chūnin)
shikamaru-nara-shippuden.jpg	https://files.catbox.moe/7pc3p5.jpeg	Shikamaru Nara (Shippuden)
shikamaru-nara-adult-hokage-advisor.jpg	https://files.catbox.moe/9htfxe.jpeg	Shikamaru Nara (Adult — Hokage Advisor)
ino-yamanaka-genin.jpg	https://files.catbox.moe/houra1.jpeg	Ino Yamanaka (Genin)
ino-yamanaka-shippuden.jpg	https://files.catbox.moe/vkmb3i.jpeg	Ino Yamanaka (Shippuden)
ino-yamanaka-adult-yamanaka-ino.jpg	https://files.catbox.moe/c3r9ud.jpeg	Ino Yamanaka (Adult — Yamanaka Ino)
choji-akimichi-genin.jpg	https://files.catbox.moe/waxav9.jpeg	Chōji Akimichi (Genin)
choji-akimichi-shippuden.jpg	https://files.catbox.moe/krdmoz.jpeg	Chōji Akimichi (Shippuden)
choji-akimichi-adult.jpg	https://files.catbox.moe/0k4479.jpeg	Chōji Akimichi (Adult)
asuma-sarutobi-jonin-sensei.jpg	https://files.catbox.moe/v1nugq.jpeg	Asuma Sarutobi (Jōnin Sensei)
might-guy-jonin.jpg	https://files.catbox.moe/1240zk.jpeg	Might Guy (Jōnin)
might-guy-eighth-gate-night-guy.jpg	https://files.catbox.moe/19yeo6.jpeg	Might Guy (Eighth Gate — Night Guy)
might-guy-wheelchair.jpg	https://files.catbox.moe/iemda7.jpeg	Might Guy (Wheelchair)
rock-lee-genin.jpg	https://files.catbox.moe/xg1faw.jpeg	Rock Lee (Genin)
rock-lee-fifth-gate.jpg	https://files.catbox.moe/9iyncz.jpeg	Rock Lee (Fifth Gate)
rock-lee-shippuden.jpg	https://files.catbox.moe/68bwrf.jpeg	Rock Lee (Shippuden)
rock-lee-adult.jpg	https://files.catbox.moe/amptnp.jpeg	Rock Lee (Adult)
neji-hyuga-genin.jpg	https://files.catbox.moe/k5kiea.jpeg	Neji Hyūga (Genin)
neji-hyuga-shippuden.jpg	https://files.catbox.moe/2p57dl.jpeg	Neji Hyūga (Shippuden)
neji-hyuga-fourth-great-war.jpg	https://files.catbox.moe/sjin40.jpeg	Neji Hyūga (Fourth Great War)
tenten-genin.jpg	https://files.catbox.moe/yyji8x.jpeg	Tenten (Genin)
tenten-shippuden.jpg	https://files.catbox.moe/2ljosv.jpeg	Tenten (Shippuden)
tenten-adult.jpg	https://files.catbox.moe/7gw9yv.jpeg	Tenten (Adult)
hashirama-senju-first-hokage-prime.jpg	https://files.catbox.moe/hgrmex.jpeg	Hashirama Senju (First Hokage — Prime)
hashirama-senju-edo-tensei.jpg	https://files.catbox.moe/gqw3w1.jpeg	Hashirama Senju (Edo Tensei)
tobirama-senju-second-hokage-prime.jpg	https://files.catbox.moe/mhnchc.jpeg	Tobirama Senju (Second Hokage — Prime)
tobirama-senju-edo-tensei.jpg	https://files.catbox.moe/nly2my.jpeg	Tobirama Senju (Edo Tensei)
hiruzen-sarutobi-third-hokage-prime.jpg	https://files.catbox.moe/9rohi2.jpeg	Hiruzen Sarutobi (Third Hokage — Prime)
hiruzen-sarutobi-third-hokage-elder.jpg	https://files.catbox.moe/3584l7.jpeg	Hiruzen Sarutobi (Third Hokage — Elder)
hiruzen-sarutobi-edo-tensei.jpg	https://files.catbox.moe/pvrp6j.jpeg	Hiruzen Sarutobi (Edo Tensei)
minato-namikaze-young-third-war.jpg	https://files.catbox.moe/ru97ij.jpeg	Minato Namikaze (Young — Third War)
minato-namikaze-fourth-hokage.jpg	https://files.catbox.moe/vtl66b.jpeg	Minato Namikaze (Fourth Hokage)
minato-namikaze-edo-tensei.jpg	https://files.catbox.moe/syzhpr.jpeg	Minato Namikaze (Edo Tensei)
minato-namikaze-edo-tensei-kcm.jpg	https://files.catbox.moe/5hmdla.jpeg	Minato Namikaze (Edo Tensei — KCM)
tsunade-young-second-war.jpg	https://files.catbox.moe/kdiuu9.jpeg	Tsunade (Young — Second War)
tsunade-fifth-hokage.jpg	https://files.catbox.moe/kamnux.jpeg	Tsunade (Fifth Hokage)
tsunade-byakugo-released.jpg	https://files.catbox.moe/oyfxuu.jpeg	Tsunade (Byakugō Released)
tsunade-retired.jpg	https://files.catbox.moe/r0acgf.jpeg	Tsunade (Retired)
danzo-shimura-elder-root-leader.jpg	https://files.catbox.moe/1477a1.jpeg	Danzō Shimura (Elder / Root Leader)
danzo-shimura-izanagi-user.jpg	https://files.catbox.moe/9kncie.jpeg	Danzō Shimura (Izanagi User)
jiraiya-young-second-war.jpg	https://files.catbox.moe/idkab4.jpeg	Jiraiya (Young — Second War)
jiraiya-sannin-sensei.jpg	https://files.catbox.moe/0e4ey3.jpeg	Jiraiya (Sannin — Sensei)
jiraiya-sage-mode.jpg	https://files.catbox.moe/smjw2l.jpeg	Jiraiya (Sage Mode)
orochimaru-young-second-war.jpg	https://files.catbox.moe/0zffn7.jpeg	Orochimaru (Young — Second War)
orochimaru-defector.jpg	https://files.catbox.moe/dhzd7c.jpeg	Orochimaru (Defector)
orochimaru-white-snake.jpg	https://files.catbox.moe/pchut3.jpeg	Orochimaru (White Snake)
orochimaru-revived.jpg	https://files.catbox.moe/get731.jpeg	Orochimaru (Revived)
orochimaru-reformed.jpg	https://files.catbox.moe/bt3hhf.jpeg	Orochimaru (Reformed)
iruka-umino-academy-instructor.jpg	https://files.catbox.moe/faowa1.jpeg	Iruka Umino (Academy Instructor)
anko-mitarashi-tokubetsu-jonin.jpg	https://files.catbox.moe/fq9s1d.jpeg	Anko Mitarashi (Tokubetsu Jōnin)
anko-mitarashi-adult.jpg	https://files.catbox.moe/cc3a1q.jpeg	Anko Mitarashi (Adult)
might-duy-eternal-genin.jpg	https://files.catbox.moe/ulwtey.jpeg	Might Duy (Eternal Genin)
genma-shiranui-tokubetsu-jonin.jpg	https://files.catbox.moe/iwuxso.jpeg	Genma Shiranui (Tokubetsu Jōnin)
hayate-gekko-tokubetsu-jonin.jpg	https://files.catbox.moe/1w2cj6.jpeg	Hayate Gekkō (Tokubetsu Jōnin)
ibiki-morino-head-of-ti.jpg	https://files.catbox.moe/dgi07k.jpeg	Ibiki Morino (Head of T&I)
shizune-tsunades-assistant.jpg	https://files.catbox.moe/mbpqfd.jpeg	Shizune (Tsunade's Assistant)
konohamaru-sarutobi-academy-student.jpg	https://files.catbox.moe/z59w1y.jpeg	Konohamaru Sarutobi (Academy Student)
konohamaru-sarutobi-genin.jpg	https://files.catbox.moe/1hnq6o.jpeg	Konohamaru Sarutobi (Genin)
konohamaru-sarutobi-jonin-sensei.jpg	https://files.catbox.moe/leis5w.jpeg	Konohamaru Sarutobi (Jōnin Sensei)
ebisu-tokubetsu-jonin.jpg	https://files.catbox.moe/npf4ys.jpeg	Ebisu (Tokubetsu Jōnin)
hiashi-hyuga-clan-head.jpg	https://files.catbox.moe/f088lf.jpeg	Hiashi Hyūga (Clan Head)
hizashi-hyuga-branch-house.jpg	https://files.catbox.moe/qnp8xy.jpeg	Hizashi Hyūga (Branch House)
hanabi-hyuga-genin.jpg	https://files.catbox.moe/yfwukq.jpeg	Hanabi Hyūga (Genin)
hanabi-hyuga-adult.jpg	https://files.catbox.moe/u7sa9w.jpeg	Hanabi Hyūga (Adult)
fugaku-uchiha-clan-head.jpg	https://files.catbox.moe/4d78pt.jpeg	Fugaku Uchiha (Clan Head)
mikoto-uchiha-clan-mother.jpg	https://files.catbox.moe/1hr57u.jpeg	Mikoto Uchiha (Clan Mother)
itachi-uchiha-young-anbu.jpg	https://files.catbox.moe/0lwnr8.jpeg	Itachi Uchiha (Young ANBU)
itachi-uchiha-akatsuki.jpg	https://files.catbox.moe/6l6lvf.jpeg	Itachi Uchiha (Akatsuki)
itachi-uchiha-edo-tensei.jpg	https://files.catbox.moe/xic51x.jpeg	Itachi Uchiha (Edo Tensei)
shisui-uchiha-body-flicker.jpg	https://files.catbox.moe/an9ojf.jpeg	Shisui Uchiha (Body Flicker)
kushina-uzumaki-young.jpg	https://files.catbox.moe/zh6b6q.jpeg	Kushina Uzumaki (Young)
kushina-uzumaki-nine-tails-attack.jpg	https://files.catbox.moe/5ykzfi.jpeg	Kushina Uzumaki (Nine-Tails Attack)
kakashi-hatake-anbu-hound.jpg	https://files.catbox.moe/xcvr1x.jpeg	Kakashi Hatake (ANBU — Hound)
itachi-uchiha-anbu-weasel.jpg	https://files.catbox.moe/osv64j.jpeg	Itachi Uchiha (ANBU — Weasel)
yugao-uzuki-anbu-cat.jpg	https://files.catbox.moe/t6ea4n.jpeg	Yūgao Uzuki (ANBU — Cat)
torune-aburame-root-agent.jpg	https://files.catbox.moe/0papwk.jpeg	Torune Aburame (Root Agent)
fu-yamanaka-root-agent.jpg	https://files.catbox.moe/zz7q2g.jpeg	Fū Yamanaka (Root Agent)
shin-sais-brother-root.jpg	https://files.catbox.moe/p2h5zt.jpeg	Shin (Sai's Brother — Root)
gaara-genin-one-tail-jinchuriki.jpg	https://files.catbox.moe/ilrxhc.jpeg	Gaara (Genin — One-Tail Jinchūriki)
gaara-partial-shukaku-form.jpg	https://files.catbox.moe/abxclr.jpeg	Gaara (Partial Shukaku Form)
gaara-kazekage.jpg	https://files.catbox.moe/yp847x.jpeg	Gaara (Kazekage)
gaara-allied-commander.jpg	https://files.catbox.moe/wge8xv.jpeg	Gaara (Allied Commander)
gaara-adult.jpg	https://files.catbox.moe/wz36fu.jpeg	Gaara (Adult)
temari-genin.jpg	https://files.catbox.moe/b5ucbb.jpeg	Temari (Genin)
temari-shippuden.jpg	https://files.catbox.moe/sde6jp.jpeg	Temari (Shippuden)
temari-adult-nara-temari.jpg	https://files.catbox.moe/uk9hr4.jpeg	Temari (Adult — Nara Temari)
kankuro-genin.jpg	https://files.catbox.moe/c442zk.jpeg	Kankurō (Genin)
kankuro-shippuden.jpg	https://files.catbox.moe/4few6c.jpeg	Kankurō (Shippuden)
kankuro-adult.jpg	https://files.catbox.moe/xbs2jh.jpeg	Kankurō (Adult)
baki-jonin-sensei.jpg	https://files.catbox.moe/k7xgbw.jpeg	Baki (Jōnin Sensei)
chiyo-elder.jpg	https://files.catbox.moe/fnh4az.jpeg	Chiyo (Elder)
sasori-child-red-sand.jpg	https://files.catbox.moe/14oih4.jpeg	Sasori (Child — Red Sand)
rasa-fourth-kazekage.jpg	https://files.catbox.moe/8z11cw.jpeg	Rasa (Fourth Kazekage)
third-kazekage.jpg	https://files.catbox.moe/2i7cka.jpeg	Third Kazekage (Third Kazekage)
shinki-genin.jpg	https://files.catbox.moe/ut2c7x.jpeg	Shinki (Genin)
zabuza-momochi-demon-of-the-mist.jpg	https://files.catbox.moe/0kkhqm.jpeg	Zabuza Momochi (Demon of the Mist)
zabuza-momochi-edo-tensei.jpg	https://files.catbox.moe/hdghss.jpeg	Zabuza Momochi (Edo Tensei)
haku-ice-mirror-user.jpg	https://files.catbox.moe/afl592.jpeg	Haku (Ice Mirror User)
haku-edo-tensei.jpg	https://files.catbox.moe/ga9z9h.jpeg	Haku (Edo Tensei)
